candidate_definition_id	article_id	source_code	article_number	etat	date_debut	date_fin	sampling_stratum	noise_risk	matched_definition_patterns	matched_pattern_categories	candidate_score	pattern	definition_type	extraction_confidence	item_number	defined_subject	term_candidate	definition_candidate	scope_text	scope_label	inferred_scope	raw_body	manual_label	gold_term	gold_definition	gold_scope_text	gold_scope_label	gold_inferred_scope	gold_definition_type	correction_notes	source_file
DRAFT_CODE_DE_L_ORGANISATION_JUDICIAIRE_R553_12_ARTI000049916315_3000	LEGIARTI000049916315	Code de l'organisation judiciaire	R553-12	VIGUEUR	2024-12-01	2999-01-01	low	low	s'entend de	strong	3	s'entend de	explicit	high			probité	l'exigence générale d'honnêteté		unspecified	article	La probité, qui s'entend de l'exigence générale d'honnêteté									legi/global/code_et_TNC_en_vigueur/code_en_vigueur/LEGI/TEXT/00/00/06/07/11/LEGITEXT000006071164/article/LEGI/ARTI/00/00/49/91/63/LEGIARTI000049916315.xml
DRAFT_CODE_DES_IMPOSITIONS_SUR_LES_BIENS_ET_SERVICES_L120_5_ARTI000044604191_3000	LEGIARTI000044604191	Code des impositions sur les biens et services	L120-5	VIGUEUR	2022-01-01	2999-01-01	low	low	s'entend de	strong	3	s'entend de	explicit	high			L'exemption	l'absence de fait générateur, notamment du fait de l'exclusion du champ d'application d'une imposition de certains biens, prestations de services, activités ou personnes		unspecified	article	L'exemption s'entend de l'absence de fait générateur, notamment du fait de l'exclusion du champ d'application d'une imposition de certains biens, prestations de services, activités ou personnes									legi/global/code_et_TNC_en_vigueur/code_en_vigueur/LEGI/TEXT/00/00/44/59/59/LEGITEXT000044595989/article/LEGI/ARTI/00/00/44/60/41/LEGIARTI000044604191.xml
DRAFT_CODE_DE_COMMERCE_A821_98_ARTI000048874825_1000	LEGIARTI000048874825	Code de commerce	A821-98	VIGUEUR	2024-01-01	2999-01-01	low	low	on entend par | au sens de | désigne | constitue	high_noise | medium | strong	7	terme_colon_definition	explicit	high			Bénéficiaire effectif	Le bénéficiaire effectif désigne la ou les personnes physiques, soit qui contrôlent en dernier lieu, directement ou indirectement, le client ou le client occasionnel, soit pour laquelle une opération est exécutée ou une activité exercée. Les articles R. 561-1 à R. 561-3-0 du code monétaire et financier définissent ce qu'on entend par bénéficiaire effectif lorsque le client ou le client occasionnel est une société, un placement collectif, une personne morale autre qu'une société ou un placement col		unspecified	article	Bénéficiaire effectif : Le bénéficiaire effectif désigne la ou les personnes physiques, soit qui contrôlent en dernier lieu, directement ou indirectement, le client ou le client occasionnel, soit pour laquelle une opération est exécutée ou une activité exercée. Les articles R. 561-1 à R. 561-3-0 du code monétaire et financier définissent ce qu'on entend par bénéficiaire effectif lorsque le client ou le client occasionnel est une société, un placement collectif, une personne morale autre qu'une société ou un placement col									legi/global/code_et_TNC_en_vigueur/code_en_vigueur/LEGI/TEXT/00/00/05/63/43/LEGITEXT000005634379/article/LEGI/ARTI/00/00/48/87/48/LEGIARTI000048874825.xml
DRAFT_CODE_DE_COMMERCE_A821_98_ARTI000048874825_1001	LEGIARTI000048874825	Code de commerce	A821-98	VIGUEUR	2024-01-01	2999-01-01	low	low	on entend par | au sens de | désigne | constitue	high_noise | medium | strong	7	terme_colon_definition	explicit	high			Client	Le client désigne la personne ou l'entité avec laquelle un commissaire aux comptes noue une relation d'affaires au sens du paragraphe 10 de la présente norme. 7. Client occasionnel : Le client occasionnel désigne la personne ou l'entité à laquelle un commissaire aux comptes fournit une prestation visée au paragraphe 11 de la présente norme sans qu'une relation d'affaires soit nouée. 8. Mission : Conformément au III de l'article L. 821-2 du code de commerce, le terme mission recouvre : -la mission		unspecified	article	Client : Le client désigne la personne ou l'entité avec laquelle un commissaire aux comptes noue une relation d'affaires au sens du paragraphe 10 de la présente norme. 7. Client occasionnel : Le client occasionnel désigne la personne ou l'entité à laquelle un commissaire aux comptes fournit une prestation visée au paragraphe 11 de la présente norme sans qu'une relation d'affaires soit nouée. 8. Mission : Conformément au III de l'article L. 821-2 du code de commerce, le terme mission recouvre : -la mission									legi/global/code_et_TNC_en_vigueur/code_en_vigueur/LEGI/TEXT/00/00/05/63/43/LEGITEXT000005634379/article/LEGI/ARTI/00/00/48/87/48/LEGIARTI000048874825.xml
DRAFT_CODE_DE_COMMERCE_A821_98_ARTI000048874825_1002	LEGIARTI000048874825	Code de commerce	A821-98	VIGUEUR	2024-01-01	2999-01-01	low	low	on entend par | au sens de | désigne | constitue	high_noise | medium | strong	7	terme_colon_definition	explicit	high			Personne exposée	Une personne exposée désigne une personne physique qui est exposée à des risques particuliers en raison des fonctions politiques, juridictionnelles ou administratives : -qu'elle exerce ou a cessé d'exercer depuis moins d'un an		unspecified	article	Personne exposée : Une personne exposée désigne une personne physique qui est exposée à des risques particuliers en raison des fonctions politiques, juridictionnelles ou administratives : -qu'elle exerce ou a cessé d'exercer depuis moins d'un an									legi/global/code_et_TNC_en_vigueur/code_en_vigueur/LEGI/TEXT/00/00/05/63/43/LEGITEXT000005634379/article/LEGI/ARTI/00/00/48/87/48/LEGIARTI000048874825.xml
DRAFT_CODE_DE_COMMERCE_A821_98_ARTI000048874825_1003	LEGIARTI000048874825	Code de commerce	A821-98	VIGUEUR	2024-01-01	2999-01-01	low	low	on entend par | au sens de | désigne | constitue	high_noise | medium | strong	7	terme_colon_definition	explicit	high			Relation d'affaires	Une relation d'affaires est une relation professionnelle nouée avec un client pour réaliser : -des missions visées au paragraphe 8 de la présente norme		unspecified	article	Relation d'affaires : Une relation d'affaires est une relation professionnelle nouée avec un client pour réaliser : -des missions visées au paragraphe 8 de la présente norme									legi/global/code_et_TNC_en_vigueur/code_en_vigueur/LEGI/TEXT/00/00/05/63/43/LEGITEXT000005634379/article/LEGI/ARTI/00/00/48/87/48/LEGIARTI000048874825.xml
DRAFT_CODE_DE_LA_VOIRIE_ROUTI_RE_L119_14_ARTI000047893206_3000	LEGIARTI000047893206	Code de la voirie routière	L119-14	VIGUEUR	2024-01-01	2999-01-01	low	low	pour l'application du présent | s'entend de	strong	6	s'entend de	explicit	high			la taxe	la taxe sur l'utilisation par les poids lourds de certaines voies du domaine public routier des départements ou du domaine public routier national mis à disposition des régions mentionnée à l'article L		unspecified	article	la taxe s'entend de la taxe sur l'utilisation par les poids lourds de certaines voies du domaine public routier des départements ou du domaine public routier national mis à disposition des régions mentionnée à l'article L									legi/global/code_et_TNC_en_vigueur/code_en_vigueur/LEGI/TEXT/00/00/06/07/06/LEGITEXT000006070667/article/LEGI/ARTI/00/00/47/89/32/LEGIARTI000047893206.xml
DRAFT_CODE_G_N_RAL_DES_IMP_TS_ANNEXE_I_57_ARTI000051821205_3000	LEGIARTI000051821205	Code général des impôts, annexe I	57	VIGUEUR	2025-07-01	2999-01-01	low	low	s'entend de | au sens de	medium | strong	5	s'entend de	explicit	high			La campagne de distillation	la période allant du 1er septembre au 31 août de l'année suivante ou, sur demande des exploitants de distilleries, de la période correspondant à l'exercice social		unspecified	article	La campagne de distillation s'entend de la période allant du 1er septembre au 31 août de l'année suivante ou, sur demande des exploitants de distilleries, de la période correspondant à l'exercice social									legi/global/code_et_TNC_en_vigueur/code_en_vigueur/LEGI/TEXT/00/00/06/06/95/LEGITEXT000006069568/article/LEGI/ARTI/00/00/51/82/12/LEGIARTI000051821205.xml
DRAFT_CODE_G_N_RAL_DE_LA_PROPRI_T_DES_PERSONNES_PUBLIQUES_R3211_15_ARTI000038929095_1000	LEGIARTI000038929095	Code général de la propriété des personnes publiques	R3211-15	VIGUEUR	2019-09-01	2999-01-01	low	low	terme_colon_definition	strong	3	terme_colon_definition	explicit	high	1°		Catégorie 1	les logements locatifs financés en prêt locatif aidé d'intégration, les structures d'hébergement temporaire ou d'urgence bénéficiant d'une aide de l'Etat, les aires permanentes d'accueil des gens du voyage mentionnées au premier alinéa du II de l'article 1er de la loi n° 2000-614 du 5 juillet 2000 relative à l'accueil et à l'habitat des gens du voyage, les logements-foyers dénommés résidences sociales, conventionnés dans les conditions définies au 5° de l'article L. 831-1 du code de la construction		unspecified	article	1° Catégorie 1 : les logements locatifs financés en prêt locatif aidé d'intégration, les structures d'hébergement temporaire ou d'urgence bénéficiant d'une aide de l'Etat, les aires permanentes d'accueil des gens du voyage mentionnées au premier alinéa du II de l'article 1er de la loi n° 2000-614 du 5 juillet 2000 relative à l'accueil et à l'habitat des gens du voyage, les logements-foyers dénommés résidences sociales, conventionnés dans les conditions définies au 5° de l'article L. 831-1 du code de la construction									legi/global/code_et_TNC_en_vigueur/code_en_vigueur/LEGI/TEXT/00/00/06/07/02/LEGITEXT000006070299/article/LEGI/ARTI/00/00/38/92/90/LEGIARTI000038929095.xml
DRAFT_CODE_G_N_RAL_DE_LA_PROPRI_T_DES_PERSONNES_PUBLIQUES_R3211_15_ARTI000038929095_1001	LEGIARTI000038929095	Code général de la propriété des personnes publiques	R3211-15	VIGUEUR	2019-09-01	2999-01-01	low	low	terme_colon_definition	strong	3	terme_colon_definition	explicit	high	2°		Catégorie 2	les logements locatifs ou les résidences de logement pour étudiants financés en prêt locatif à usage social		unspecified	article	2° Catégorie 2 : les logements locatifs ou les résidences de logement pour étudiants financés en prêt locatif à usage social									legi/global/code_et_TNC_en_vigueur/code_en_vigueur/LEGI/TEXT/00/00/06/07/02/LEGITEXT000006070299/article/LEGI/ARTI/00/00/38/92/90/LEGIARTI000038929095.xml
DRAFT_CODE_G_N_RAL_DE_LA_PROPRI_T_DES_PERSONNES_PUBLIQUES_R3211_15_ARTI000038929095_1002	LEGIARTI000038929095	Code général de la propriété des personnes publiques	R3211-15	VIGUEUR	2019-09-01	2999-01-01	low	low	terme_colon_definition	strong	3	terme_colon_definition	explicit	high	3°		Catégorie 3	les logements locatifs ou les résidences de logement pour étudiants financés en prêt locatif social, les logements occupés par les titulaires de contrats de location-accession, les logements faisant l'objet d'un bail réel solidaire lorsqu'ils ne font pas partie des catégories 1 ou 2 mentionnées au 1° et au 2° du présent II et ceux faisant l'objet d'une opération d'accession mentionnés au VIII de l'article L. 3211-7. III. – Dans les limites fixées au IV, la décote est d'autant plus élevée que les cr		unspecified	article	3° Catégorie 3 : les logements locatifs ou les résidences de logement pour étudiants financés en prêt locatif social, les logements occupés par les titulaires de contrats de location-accession, les logements faisant l'objet d'un bail réel solidaire lorsqu'ils ne font pas partie des catégories 1 ou 2 mentionnées au 1° et au 2° du présent II et ceux faisant l'objet d'une opération d'accession mentionnés au VIII de l'article L. 3211-7. III. – Dans les limites fixées au IV, la décote est d'autant plus élevée que les cr									legi/global/code_et_TNC_en_vigueur/code_en_vigueur/LEGI/TEXT/00/00/06/07/02/LEGITEXT000006070299/article/LEGI/ARTI/00/00/38/92/90/LEGIARTI000038929095.xml
DRAFT_CODE_G_N_RAL_DES_IMP_TS_1519_F_ARTI000051764703_3000	LEGIARTI000051764703	Code général des impôts	1519 F	VIGUEUR	2025-06-19	2999-01-01	low	low	s'entend de	strong	3	s'entend de	explicit	high			La date de mise en service	celle du premier raccordement au réseau électrique		unspecified	article	La date de mise en service s'entend de celle du premier raccordement au réseau électrique									legi/global/code_et_TNC_en_vigueur/code_en_vigueur/LEGI/TEXT/00/00/06/06/95/LEGITEXT000006069577/article/LEGI/ARTI/00/00/51/76/47/LEGIARTI000051764703.xml
DRAFT_CODE_DE_L_ENTR_E_ET_DU_S_JOUR_DES_TRANGERS_ET_DU_DROIT_D_ASI_ANNEXE_10_ARTI000049820920_1000	LEGIARTI000049820920	Code de l'entrée et du séjour des étrangers et du droit d'asile	Annexe 10	VIGUEUR	2024-07-01	2999-01-01	low	low	terme_colon_definition	strong	3	terme_colon_definition	explicit	high			pour continuer l'activité créée	une copie du contrat de bail ou de domiciliation, un bordereau de situation fiscale de l'entreprise (P 237), une attestation d'assurance portant, selon la nature de l'activité, sur le local occupé, sur le véhicule ou sur tout autre bien nécessaire à l'activité, un avis d'imposition sur le revenu, si vous avez le statut de salarié, les fiches de salaire des trois derniers mois ou, en l'absence d'avis d'imposition, des douze derniers mois, ou, si vous n'avez pas le statut de salarié, un extrait du li		unspecified	article	pour continuer l'activité créée : une copie du contrat de bail ou de domiciliation, un bordereau de situation fiscale de l'entreprise (P 237), une attestation d'assurance portant, selon la nature de l'activité, sur le local occupé, sur le véhicule ou sur tout autre bien nécessaire à l'activité, un avis d'imposition sur le revenu, si vous avez le statut de salarié, les fiches de salaire des trois derniers mois ou, en l'absence d'avis d'imposition, des douze derniers mois, ou, si vous n'avez pas le statut de salarié, un extrait du li									legi/global/code_et_TNC_en_vigueur/code_en_vigueur/LEGI/TEXT/00/00/06/07/01/LEGITEXT000006070158/article/LEGI/ARTI/00/00/49/82/09/LEGIARTI000049820920.xml
DRAFT_CODE_DE_L_ENTR_E_ET_DU_S_JOUR_DES_TRANGERS_ET_DU_DROIT_D_ASI_ANNEXE_10_ARTI000049820920_1001	LEGIARTI000049820920	Code de l'entrée et du séjour des étrangers et du droit d'asile	Annexe 10	VIGUEUR	2024-07-01	2999-01-01	low	low	terme_colon_definition	strong	3	terme_colon_definition	explicit	high			A Saint-Barthélemy et à Saint-Martin	"L'avis concernant la viabilité économique du projet est rendu par le service compétent localement en matière d'accès au travail des étrangers 8. Dans les îles Wallis et Futuna, en Polynésie française et en Nouvelle-Calédonie : L'avis concernant la viabilité économique du projet est rendu par le service compétent localement en matière d'accès au travail des étrangers. 4 Titre de séjour pour motif professionnel CSP portant la mention "" passeport talent "" délivrée à l'étranger salarié qualifié et dip"		unspecified	article	"A Saint-Barthélemy et à Saint-Martin : L'avis concernant la viabilité économique du projet est rendu par le service compétent localement en matière d'accès au travail des étrangers 8. Dans les îles Wallis et Futuna, en Polynésie française et en Nouvelle-Calédonie : L'avis concernant la viabilité économique du projet est rendu par le service compétent localement en matière d'accès au travail des étrangers. 4 Titre de séjour pour motif professionnel CSP portant la mention "" passeport talent "" délivrée à l'étranger salarié qualifié et dip"									legi/global/code_et_TNC_en_vigueur/code_en_vigueur/LEGI/TEXT/00/00/06/07/01/LEGITEXT000006070158/article/LEGI/ARTI/00/00/49/82/09/LEGIARTI000049820920.xml
DRAFT_CODE_DE_L_ENTR_E_ET_DU_S_JOUR_DES_TRANGERS_ET_DU_DROIT_D_ASI_ANNEXE_10_ARTI000049820920_1002	LEGIARTI000049820920	Code de l'entrée et du séjour des étrangers et du droit d'asile	Annexe 10	VIGUEUR	2024-07-01	2999-01-01	low	low	terme_colon_definition	strong	3	terme_colon_definition	explicit	high			si vous êtes salarié d'une jeune entreprise innovante	tout document fiscal établissant la qualité de jeune entreprise innovante conformément à l'article 44 sexies 0A du code général des impôts		unspecified	article	si vous êtes salarié d'une jeune entreprise innovante : tout document fiscal établissant la qualité de jeune entreprise innovante conformément à l'article 44 sexies 0A du code général des impôts									legi/global/code_et_TNC_en_vigueur/code_en_vigueur/LEGI/TEXT/00/00/06/07/01/LEGITEXT000006070158/article/LEGI/ARTI/00/00/49/82/09/LEGIARTI000049820920.xml
DRAFT_CODE_DE_L_ENTR_E_ET_DU_S_JOUR_DES_TRANGERS_ET_DU_DROIT_D_ASI_ANNEXE_10_ARTI000049820920_1004	LEGIARTI000049820920	Code de l'entrée et du séjour des étrangers et du droit d'asile	Annexe 10	VIGUEUR	2024-07-01	2999-01-01	low	low	terme_colon_definition	strong	3	terme_colon_definition	explicit	high			A Saint-Barthélemy et à Saint-Martin	"L'attestation du ministère chargé de l'économie sur le caractère réel et sérieux du projet de création d'entreprise est remplacée par l'attestation du service compétent localement en matière d'accès au travail des étrangers. 7. Dans les îles Wallis et Futuna, en Polynésie française et en Nouvelle-Calédonie : Titre de séjour non applicable. 10 Titre de séjour pour motif professionnel CSP portant la mention "" passeport talent "" délivrée à l'étranger justifiant d'un projet économique innovant L. 421-"		unspecified	article	"A Saint-Barthélemy et à Saint-Martin : L'attestation du ministère chargé de l'économie sur le caractère réel et sérieux du projet de création d'entreprise est remplacée par l'attestation du service compétent localement en matière d'accès au travail des étrangers. 7. Dans les îles Wallis et Futuna, en Polynésie française et en Nouvelle-Calédonie : Titre de séjour non applicable. 10 Titre de séjour pour motif professionnel CSP portant la mention "" passeport talent "" délivrée à l'étranger justifiant d'un projet économique innovant L. 421-"									legi/global/code_et_TNC_en_vigueur/code_en_vigueur/LEGI/TEXT/00/00/06/07/01/LEGITEXT000006070158/article/LEGI/ARTI/00/00/49/82/09/LEGIARTI000049820920.xml
DRAFT_CODE_DE_L_ENTR_E_ET_DU_S_JOUR_DES_TRANGERS_ET_DU_DROIT_D_ASI_ANNEXE_10_ARTI000049820920_1005	LEGIARTI000049820920	Code de l'entrée et du séjour des étrangers et du droit d'asile	Annexe 10	VIGUEUR	2024-07-01	2999-01-01	low	low	terme_colon_definition	strong	3	terme_colon_definition	explicit	high			A Saint-Barthélemy et à Saint-Martin	L'attestation du ministère chargé de l'économie sur le caractère sur le caractère innovant du projet économique est remplacée par l'attestation du service compétent localement en matière d'accès au travail des étrangers. 7. Dans les îles Wallis et Futuna, en Polynésie française et en Nouvelle-Calédonie : -L'attestation du ministère chargé de l'économie sur le caractère sur le caractère innovant du projet économique est remplacée par l'attestation du service compétent localement en matière d'accès		unspecified	article	A Saint-Barthélemy et à Saint-Martin : L'attestation du ministère chargé de l'économie sur le caractère sur le caractère innovant du projet économique est remplacée par l'attestation du service compétent localement en matière d'accès au travail des étrangers. 7. Dans les îles Wallis et Futuna, en Polynésie française et en Nouvelle-Calédonie : -L'attestation du ministère chargé de l'économie sur le caractère sur le caractère innovant du projet économique est remplacée par l'attestation du service compétent localement en matière d'accès									legi/global/code_et_TNC_en_vigueur/code_en_vigueur/LEGI/TEXT/00/00/06/07/01/LEGITEXT000006070158/article/LEGI/ARTI/00/00/49/82/09/LEGIARTI000049820920.xml
DRAFT_CODE_DE_L_ENTR_E_ET_DU_S_JOUR_DES_TRANGERS_ET_DU_DROIT_D_ASI_ANNEXE_10_ARTI000049820920_1006	LEGIARTI000049820920	Code de l'entrée et du séjour des étrangers et du droit d'asile	Annexe 10	VIGUEUR	2024-07-01	2999-01-01	low	low	terme_colon_definition	strong	3	terme_colon_definition	explicit	high			en Polynésie française et en Nouvelle-Calédonie	"Les justificatifs de moyens d'existence se bornent à démontrer que le demandeur disposera de ressources suffisantes pendant son séjour pour subvenir à ses propres besoins et, le cas échéant, à ceux des membres de sa famille, indépendamment des prestations et des allocations prévues par la réglementation locale. 15 Titre de séjour pour motif professionnel CSP portant la mention "" passeport talent (famille) "" délivrée au conjoint et enfants du couple L. 421-22 L. 422-12 1. Pièces à fournir dans tous"		unspecified	article	"en Polynésie française et en Nouvelle-Calédonie : Les justificatifs de moyens d'existence se bornent à démontrer que le demandeur disposera de ressources suffisantes pendant son séjour pour subvenir à ses propres besoins et, le cas échéant, à ceux des membres de sa famille, indépendamment des prestations et des allocations prévues par la réglementation locale. 15 Titre de séjour pour motif professionnel CSP portant la mention "" passeport talent (famille) "" délivrée au conjoint et enfants du couple L. 421-22 L. 422-12 1. Pièces à fournir dans tous"									legi/global/code_et_TNC_en_vigueur/code_en_vigueur/LEGI/TEXT/00/00/06/07/01/LEGITEXT000006070158/article/LEGI/ARTI/00/00/49/82/09/LEGIARTI000049820920.xml
DRAFT_CODE_DE_L_ENTR_E_ET_DU_S_JOUR_DES_TRANGERS_ET_DU_DROIT_D_ASI_ANNEXE_10_ARTI000049820920_1007	LEGIARTI000049820920	Code de l'entrée et du séjour des étrangers et du droit d'asile	Annexe 10	VIGUEUR	2024-07-01	2999-01-01	low	low	terme_colon_definition	strong	3	terme_colon_definition	explicit	high			si vous êtes boursier dans votre pays d'origine	l'attestation de bourse de l'organisme payeur du pays d'origine précisant le montant et la durée de la bourse		unspecified	article	si vous êtes boursier dans votre pays d'origine : l'attestation de bourse de l'organisme payeur du pays d'origine précisant le montant et la durée de la bourse									legi/global/code_et_TNC_en_vigueur/code_en_vigueur/LEGI/TEXT/00/00/06/07/01/LEGITEXT000006070158/article/LEGI/ARTI/00/00/49/82/09/LEGIARTI000049820920.xml
DRAFT_CODE_DE_L_ENTR_E_ET_DU_S_JOUR_DES_TRANGERS_ET_DU_DROIT_D_ASI_ANNEXE_10_ARTI000049820920_1008	LEGIARTI000049820920	Code de l'entrée et du séjour des étrangers et du droit d'asile	Annexe 10	VIGUEUR	2024-07-01	2999-01-01	low	low	terme_colon_definition	strong	3	terme_colon_definition	explicit	high			si vous disposez de ressources suffisantes	l'attestation bancaire de solde créditeur suffisant		unspecified	article	si vous disposez de ressources suffisantes : l'attestation bancaire de solde créditeur suffisant									legi/global/code_et_TNC_en_vigueur/code_en_vigueur/LEGI/TEXT/00/00/06/07/01/LEGITEXT000006070158/article/LEGI/ARTI/00/00/49/82/09/LEGIARTI000049820920.xml
DRAFT_CODE_DE_L_ENTR_E_ET_DU_S_JOUR_DES_TRANGERS_ET_DU_DROIT_D_ASI_ANNEXE_10_ARTI000049820920_1009	LEGIARTI000049820920	Code de l'entrée et du séjour des étrangers et du droit d'asile	Annexe 10	VIGUEUR	2024-07-01	2999-01-01	low	low	terme_colon_definition	strong	3	terme_colon_definition	explicit	high			selon votre projet professionnel	"tout justificatif d'un projet de création d'entreprise dans un domaine correspondant à votre formation. A Mayotte : Si vous êtes né avant le 1er janvier 1987 et avez contracté légalement un mariage civil polygame à Mayotte avant le 5 juin 2010, vous n'avez pas à produire la déclaration sur l'honneur de non polygamie en France. 27 Titre de séjour pour motif d'études CST portant la mention "" recherche d'emploi ou création d'entreprise "" délivrée au titulaire d'une CSP portant la mention "" passeport ta"		unspecified	article	"selon votre projet professionnel : tout justificatif d'un projet de création d'entreprise dans un domaine correspondant à votre formation. A Mayotte : Si vous êtes né avant le 1er janvier 1987 et avez contracté légalement un mariage civil polygame à Mayotte avant le 5 juin 2010, vous n'avez pas à produire la déclaration sur l'honneur de non polygamie en France. 27 Titre de séjour pour motif d'études CST portant la mention "" recherche d'emploi ou création d'entreprise "" délivrée au titulaire d'une CSP portant la mention "" passeport ta"									legi/global/code_et_TNC_en_vigueur/code_en_vigueur/LEGI/TEXT/00/00/06/07/01/LEGITEXT000006070158/article/LEGI/ARTI/00/00/49/82/09/LEGIARTI000049820920.xml
DRAFT_CODE_DE_L_ENTR_E_ET_DU_S_JOUR_DES_TRANGERS_ET_DU_DROIT_D_ASI_ANNEXE_10_ARTI000049820920_1010	LEGIARTI000049820920	Code de l'entrée et du séjour des étrangers et du droit d'asile	Annexe 10	VIGUEUR	2024-07-01	2999-01-01	low	low	terme_colon_definition	strong	3	terme_colon_definition	explicit	high			selon votre projet professionnel	"tout justificatif d'un projet de création d'entreprise dans un domaine correspondant à vos recherches. A Mayotte : Si vous êtes né avant le 1er janvier 1987 et avez contracté légalement un mariage civil polygame à Mayotte avant le 5 juin 2010, vous n'avez pas à produire la déclaration sur l'honneur de non polygamie en France. 28 Titre de séjour pour motif d'études CST portant la mention "" recherche d'emploi ou création d'entreprise "" délivrée à l'étranger ayant quitté le territoire français à l'issu"		unspecified	article	"selon votre projet professionnel : tout justificatif d'un projet de création d'entreprise dans un domaine correspondant à vos recherches. A Mayotte : Si vous êtes né avant le 1er janvier 1987 et avez contracté légalement un mariage civil polygame à Mayotte avant le 5 juin 2010, vous n'avez pas à produire la déclaration sur l'honneur de non polygamie en France. 28 Titre de séjour pour motif d'études CST portant la mention "" recherche d'emploi ou création d'entreprise "" délivrée à l'étranger ayant quitté le territoire français à l'issu"									legi/global/code_et_TNC_en_vigueur/code_en_vigueur/LEGI/TEXT/00/00/06/07/01/LEGITEXT000006070158/article/LEGI/ARTI/00/00/49/82/09/LEGIARTI000049820920.xml
DRAFT_CODE_DE_L_ENTR_E_ET_DU_S_JOUR_DES_TRANGERS_ET_DU_DROIT_D_ASI_ANNEXE_10_ARTI000049820920_1012	LEGIARTI000049820920	Code de l'entrée et du séjour des étrangers et du droit d'asile	Annexe 10	VIGUEUR	2024-07-01	2999-01-01	low	low	terme_colon_definition	strong	3	terme_colon_definition	explicit	high			si vous êtes pris en charge par un tiers	les attestations bancaires de virements réguliers ou une attestation sur l'honneur de versement des sommes permettant d'atteindre le montant requis		unspecified	article	si vous êtes pris en charge par un tiers : les attestations bancaires de virements réguliers ou une attestation sur l'honneur de versement des sommes permettant d'atteindre le montant requis									legi/global/code_et_TNC_en_vigueur/code_en_vigueur/LEGI/TEXT/00/00/06/07/01/LEGITEXT000006070158/article/LEGI/ARTI/00/00/49/82/09/LEGIARTI000049820920.xml
DRAFT_CODE_DE_L_ENTR_E_ET_DU_S_JOUR_DES_TRANGERS_ET_DU_DROIT_D_ASI_ANNEXE_10_ARTI000049820920_1014	LEGIARTI000049820920	Code de l'entrée et du séjour des étrangers et du droit d'asile	Annexe 10	VIGUEUR	2024-07-01	2999-01-01	low	low	terme_colon_definition	strong	3	terme_colon_definition	explicit	high			selon votre projet professionnel	tout justificatif d'un projet de création d'entreprise dans un domaine correspondant à votre formation. A Mayotte : Si vous êtes né avant le 1er janvier 1987 et avez contracté légalement un mariage civil polygame à Mayotte avant le 5 juin 2010, vous n'avez pas à produire la déclaration sur l'honneur de non polygamie en France. Dans les îles Wallis et Futuna, en Polynésie française et en Nouvelle-Calédonie : Titre de séjour non applicable. 29 Titre de séjour pour motif familial CST portant la mention		unspecified	article	selon votre projet professionnel : tout justificatif d'un projet de création d'entreprise dans un domaine correspondant à votre formation. A Mayotte : Si vous êtes né avant le 1er janvier 1987 et avez contracté légalement un mariage civil polygame à Mayotte avant le 5 juin 2010, vous n'avez pas à produire la déclaration sur l'honneur de non polygamie en France. Dans les îles Wallis et Futuna, en Polynésie française et en Nouvelle-Calédonie : Titre de séjour non applicable. 29 Titre de séjour pour motif familial CST portant la mention									legi/global/code_et_TNC_en_vigueur/code_en_vigueur/LEGI/TEXT/00/00/06/07/01/LEGITEXT000006070158/article/LEGI/ARTI/00/00/49/82/09/LEGIARTI000049820920.xml
DRAFT_CODE_DE_L_ENTR_E_ET_DU_S_JOUR_DES_TRANGERS_ET_DU_DROIT_D_ASI_ANNEXE_10_ARTI000049820920_1015	LEGIARTI000049820920	Code de l'entrée et du séjour des étrangers et du droit d'asile	Annexe 10	VIGUEUR	2024-07-01	2999-01-01	low	low	terme_colon_definition	strong	3	terme_colon_definition	explicit	high			justificatifs de présence continue en France depuis l'entrée	le séjour doit être justifié par au moins un document pour chaque année émanant d'une administration publique (service social, établissement scolaire, etc.). 4. Pièces à fournir pour la délivrance d'une CSP sur le fondement de l'article L. 423-21 : -pièces prévues aux points 1 et 3		unspecified	article	justificatifs de présence continue en France depuis l'entrée : le séjour doit être justifié par au moins un document pour chaque année émanant d'une administration publique (service social, établissement scolaire, etc.). 4. Pièces à fournir pour la délivrance d'une CSP sur le fondement de l'article L. 423-21 : -pièces prévues aux points 1 et 3									legi/global/code_et_TNC_en_vigueur/code_en_vigueur/LEGI/TEXT/00/00/06/07/01/LEGITEXT000006070158/article/LEGI/ARTI/00/00/49/82/09/LEGIARTI000049820920.xml
DRAFT_CODE_DE_L_ENTR_E_ET_DU_S_JOUR_DES_TRANGERS_ET_DU_DROIT_D_ASI_ANNEXE_10_ARTI000049820920_1016	LEGIARTI000049820920	Code de l'entrée et du séjour des étrangers et du droit d'asile	Annexe 10	VIGUEUR	2024-07-01	2999-01-01	low	low	terme_colon_definition	strong	3	terme_colon_definition	explicit	high			justificatif d'état civil du mineur	une copie intégrale d'acte de naissance comportant les mentions les plus récentes accompagnée le cas échéant de la décision judiciaire ordonnant sa transcription (jugement déclaratif ou supplétif)		unspecified	article	justificatif d'état civil du mineur : une copie intégrale d'acte de naissance comportant les mentions les plus récentes accompagnée le cas échéant de la décision judiciaire ordonnant sa transcription (jugement déclaratif ou supplétif)									legi/global/code_et_TNC_en_vigueur/code_en_vigueur/LEGI/TEXT/00/00/06/07/01/LEGITEXT000006070158/article/LEGI/ARTI/00/00/49/82/09/LEGIARTI000049820920.xml
DRAFT_CODE_DE_L_ENTR_E_ET_DU_S_JOUR_DES_TRANGERS_ET_DU_DROIT_D_ASI_ANNEXE_10_ARTI000049820920_1017	LEGIARTI000049820920	Code de l'entrée et du séjour des étrangers et du droit d'asile	Annexe 10	VIGUEUR	2024-07-01	2999-01-01	low	low	terme_colon_definition	strong	3	terme_colon_definition	explicit	high			En Polynésie française et en Nouvelle-Calédonie	L'attestation délivrée par l'organisme français versant la rente d'accident du travail ou de maladie professionnelle est remplacée par l'attestation délivrée par l'organisme local de protection sociale versant la rente d'accident du travail ou de maladie professionnelle. 54 Titre de séjour délivré pour un autre motif CR délivrée aux ayants droits d'un étranger bénéficiaires d'une rente de décès pour accident du travail ou maladie professionnelle L. 426-7 -justificatif d'état civil : (sauf si vous		unspecified	article	En Polynésie française et en Nouvelle-Calédonie : L'attestation délivrée par l'organisme français versant la rente d'accident du travail ou de maladie professionnelle est remplacée par l'attestation délivrée par l'organisme local de protection sociale versant la rente d'accident du travail ou de maladie professionnelle. 54 Titre de séjour délivré pour un autre motif CR délivrée aux ayants droits d'un étranger bénéficiaires d'une rente de décès pour accident du travail ou maladie professionnelle L. 426-7 -justificatif d'état civil : (sauf si vous									legi/global/code_et_TNC_en_vigueur/code_en_vigueur/LEGI/TEXT/00/00/06/07/01/LEGITEXT000006070158/article/LEGI/ARTI/00/00/49/82/09/LEGIARTI000049820920.xml
DRAFT_CODE_DE_L_ENTR_E_ET_DU_S_JOUR_DES_TRANGERS_ET_DU_DROIT_D_ASI_ANNEXE_10_ARTI000049820920_1018	LEGIARTI000049820920	Code de l'entrée et du séjour des étrangers et du droit d'asile	Annexe 10	VIGUEUR	2024-07-01	2999-01-01	low	low	terme_colon_definition	strong	3	terme_colon_definition	explicit	high			En Polynésie française et en Nouvelle-Calédonie	"L'attestation délivrée par l'organisme français versant la rente d'accident du travail ou de maladie professionnelle en tant qu'ayant droit est remplacée par l'attestation délivrée par l'organisme local de protection sociale versant la rente d'accident du travail ou de maladie professionnelle en tant qu'ayant droit. 55 Titre de séjour délivré pour un autre motif Carte de séjour portant la mention "" retraité "" pour l'étranger retraité et son conjoint et carte de résident pour le titulaire de la car"		unspecified	article	"En Polynésie française et en Nouvelle-Calédonie : L'attestation délivrée par l'organisme français versant la rente d'accident du travail ou de maladie professionnelle en tant qu'ayant droit est remplacée par l'attestation délivrée par l'organisme local de protection sociale versant la rente d'accident du travail ou de maladie professionnelle en tant qu'ayant droit. 55 Titre de séjour délivré pour un autre motif Carte de séjour portant la mention "" retraité "" pour l'étranger retraité et son conjoint et carte de résident pour le titulaire de la car"									legi/global/code_et_TNC_en_vigueur/code_en_vigueur/LEGI/TEXT/00/00/06/07/01/LEGITEXT000006070158/article/LEGI/ARTI/00/00/49/82/09/LEGIARTI000049820920.xml
DRAFT_CODE_DE_L_ENTR_E_ET_DU_S_JOUR_DES_TRANGERS_ET_DU_DROIT_D_ASI_ANNEXE_10_ARTI000049820920_1019	LEGIARTI000049820920	Code de l'entrée et du séjour des étrangers et du droit d'asile	Annexe 10	VIGUEUR	2024-07-01	2999-01-01	low	low	terme_colon_definition	strong	3	terme_colon_definition	explicit	high			en Polynésie française et en Nouvelle-Calédonie	"Le justificatif de la perception d'une pension contributive de vieillesse, en droit propre ou en réversion, est remplacé par le justificatif de la perception d'une pension contributive de vieillesse, en droit propre ou en réversion, par le régime local de protection sociale. 56 Titre de séjour délivré pour un autre motif CST portant la mention "" salarié "", "" travailleur temporaire "", "" entrepreneur/ profession libérale "", "" étudiant "" ou "" visiteur "", ou CSP portant la mention "" passeport talent """		unspecified	article	"en Polynésie française et en Nouvelle-Calédonie : Le justificatif de la perception d'une pension contributive de vieillesse, en droit propre ou en réversion, est remplacé par le justificatif de la perception d'une pension contributive de vieillesse, en droit propre ou en réversion, par le régime local de protection sociale. 56 Titre de séjour délivré pour un autre motif CST portant la mention "" salarié "", "" travailleur temporaire "", "" entrepreneur/ profession libérale "", "" étudiant "" ou "" visiteur "", ou CSP portant la mention "" passeport talent """									legi/global/code_et_TNC_en_vigueur/code_en_vigueur/LEGI/TEXT/00/00/06/07/01/LEGITEXT000006070158/article/LEGI/ARTI/00/00/49/82/09/LEGIARTI000049820920.xml
DRAFT_CODE_DE_L_ENTR_E_ET_DU_S_JOUR_DES_TRANGERS_ET_DU_DROIT_D_ASI_ANNEXE_10_ARTI000049820920_1020	LEGIARTI000049820920	Code de l'entrée et du séjour des étrangers et du droit d'asile	Annexe 10	VIGUEUR	2024-07-01	2999-01-01	low	low	terme_colon_definition	strong	3	terme_colon_definition	explicit	high			justificatif d'état civil	une copie intégrale d'acte de naissance comportant les mentions les plus récentes		unspecified	article	justificatif d'état civil : une copie intégrale d'acte de naissance comportant les mentions les plus récentes									legi/global/code_et_TNC_en_vigueur/code_en_vigueur/LEGI/TEXT/00/00/06/07/01/LEGITEXT000006070158/article/LEGI/ARTI/00/00/49/82/09/LEGIARTI000049820920.xml
DRAFT_CODE_DE_L_ENTR_E_ET_DU_S_JOUR_DES_TRANGERS_ET_DU_DROIT_D_ASI_ANNEXE_10_ARTI000049820920_1021	LEGIARTI000049820920	Code de l'entrée et du séjour des étrangers et du droit d'asile	Annexe 10	VIGUEUR	2024-07-01	2999-01-01	low	low	terme_colon_definition	strong	3	terme_colon_definition	explicit	high			justificatif d'état civil	une copie intégrale d'acte de naissance comportant les mentions les plus récentes accompagnée le cas échéant de la décision judiciaire ordonnant sa transcription (jugement déclaratif ou supplétif)		unspecified	article	justificatif d'état civil : une copie intégrale d'acte de naissance comportant les mentions les plus récentes accompagnée le cas échéant de la décision judiciaire ordonnant sa transcription (jugement déclaratif ou supplétif)									legi/global/code_et_TNC_en_vigueur/code_en_vigueur/LEGI/TEXT/00/00/06/07/01/LEGITEXT000006070158/article/LEGI/ARTI/00/00/49/82/09/LEGIARTI000049820920.xml
DRAFT_CODE_DE_L_ENTR_E_ET_DU_S_JOUR_DES_TRANGERS_ET_DU_DROIT_D_ASI_ANNEXE_10_ARTI000049820920_1022	LEGIARTI000049820920	Code de l'entrée et du séjour des étrangers et du droit d'asile	Annexe 10	VIGUEUR	2024-07-01	2999-01-01	low	low	terme_colon_definition	strong	3	terme_colon_definition	explicit	high			en Polynésie française et en Nouvelle-Calédonie	La convention de stage initiale et le cas échéant l'avenant prolongeant le stage visé favorablement par la plateforme compétente en charge de la main d'œuvre étrangère est remplacée par la convention de stage initiale et le cas échéant l'avenant prolongeant le stage visé favorablement par le service de la collectivité chargé de la main d'œuvre étrangère. 63 Document de circulation Document de circulation pour étranger mineur L. 414-4 1. Documents à produire dans tous les cas : -une copie intégrale		unspecified	article	en Polynésie française et en Nouvelle-Calédonie : La convention de stage initiale et le cas échéant l'avenant prolongeant le stage visé favorablement par la plateforme compétente en charge de la main d'œuvre étrangère est remplacée par la convention de stage initiale et le cas échéant l'avenant prolongeant le stage visé favorablement par le service de la collectivité chargé de la main d'œuvre étrangère. 63 Document de circulation Document de circulation pour étranger mineur L. 414-4 1. Documents à produire dans tous les cas : -une copie intégrale									legi/global/code_et_TNC_en_vigueur/code_en_vigueur/LEGI/TEXT/00/00/06/07/01/LEGITEXT000006070158/article/LEGI/ARTI/00/00/49/82/09/LEGIARTI000049820920.xml
DRAFT_CODE_DE_L_ENTR_E_ET_DU_S_JOUR_DES_TRANGERS_ET_DU_DROIT_D_ASI_ANNEXE_10_ARTI000049820920_1023	LEGIARTI000049820920	Code de l'entrée et du séjour des étrangers et du droit d'asile	Annexe 10	VIGUEUR	2024-07-01	2999-01-01	low	low	terme_colon_definition	strong	3	terme_colon_definition	explicit	high			en Polynésie française et en Nouvelle-Calédonie	Les timbres fiscaux d'un montant de 50 € à remettre au moment de la remise du document de circulation prévus à la rubrique 1 ci-dessus sont également demandés aux ressortissants des pays de l'EEE non membres de l'Union européenne et aux ressortissants de la Suisse		unspecified	article	en Polynésie française et en Nouvelle-Calédonie : Les timbres fiscaux d'un montant de 50 € à remettre au moment de la remise du document de circulation prévus à la rubrique 1 ci-dessus sont également demandés aux ressortissants des pays de l'EEE non membres de l'Union européenne et aux ressortissants de la Suisse									legi/global/code_et_TNC_en_vigueur/code_en_vigueur/LEGI/TEXT/00/00/06/07/01/LEGITEXT000006070158/article/LEGI/ARTI/00/00/49/82/09/LEGIARTI000049820920.xml
DRAFT_CODE_DE_L_ENTR_E_ET_DU_S_JOUR_DES_TRANGERS_ET_DU_DROIT_D_ASI_ANNEXE_10_ARTI000049820920_1025	LEGIARTI000049820920	Code de l'entrée et du séjour des étrangers et du droit d'asile	Annexe 10	VIGUEUR	2024-07-01	2999-01-01	low	low	terme_colon_definition	strong	3	terme_colon_definition	explicit	high			en Polynésie française et en Nouvelle-Calédonie	"La carte de résident portant la mention "" résident de longue durée-UE "" (CRLD-UE) n'est pas applicable. 65 Procédure Regroupement familial Chapitre IV du titre III du livre IV 1. Pièces à fournir pour toute demande : -formulaire CERFA n° 11436*05 dûment complété"		unspecified	article	"en Polynésie française et en Nouvelle-Calédonie : La carte de résident portant la mention "" résident de longue durée-UE "" (CRLD-UE) n'est pas applicable. 65 Procédure Regroupement familial Chapitre IV du titre III du livre IV 1. Pièces à fournir pour toute demande : -formulaire CERFA n° 11436*05 dûment complété"									legi/global/code_et_TNC_en_vigueur/code_en_vigueur/LEGI/TEXT/00/00/06/07/01/LEGITEXT000006070158/article/LEGI/ARTI/00/00/49/82/09/LEGIARTI000049820920.xml
DRAFT_CODE_DE_L_ENTR_E_ET_DU_S_JOUR_DES_TRANGERS_ET_DU_DROIT_D_ASI_ANNEXE_10_ARTI000049820920_1026	LEGIARTI000049820920	Code de l'entrée et du séjour des étrangers et du droit d'asile	Annexe 10	VIGUEUR	2024-07-01	2999-01-01	low	low	terme_colon_definition	strong	3	terme_colon_definition	explicit	high			mentionnant l'agrément et précisant	la nature des missions effectuées, leur volume horaire, la durée d'activité, le caractère réel et sérieux de l'activité, vos perspectives d'intégration au regard notamment du niveau de langue, les compétences acquises, votre projet professionnel, des éléments relatifs à votre vie privée et familiale. 3.2. Pièces à fournir au renouvellement : -titre de séjour en cours de validité		unspecified	article	mentionnant l'agrément et précisant : la nature des missions effectuées, leur volume horaire, la durée d'activité, le caractère réel et sérieux de l'activité, vos perspectives d'intégration au regard notamment du niveau de langue, les compétences acquises, votre projet professionnel, des éléments relatifs à votre vie privée et familiale. 3.2. Pièces à fournir au renouvellement : -titre de séjour en cours de validité									legi/global/code_et_TNC_en_vigueur/code_en_vigueur/LEGI/TEXT/00/00/06/07/01/LEGITEXT000006070158/article/LEGI/ARTI/00/00/49/82/09/LEGIARTI000049820920.xml
DRAFT_CODE_DE_L_ENTR_E_ET_DU_S_JOUR_DES_TRANGERS_ET_DU_DROIT_D_ASI_ANNEXE_10_ARTI000049820920_1027	LEGIARTI000049820920	Code de l'entrée et du séjour des étrangers et du droit d'asile	Annexe 10	VIGUEUR	2024-07-01	2999-01-01	low	low	terme_colon_definition	strong	3	terme_colon_definition	explicit	high			en Polynésie française et en Nouvelle-Calédonie	Le 2.2 n'est pas applicable. 67 Titre spécifique dans les îles Wallis et Futuna Carte de séjour temporaire autorisant l'exercice d'une activité professionnelle non soumise à autorisation dans les îles Wallis et Futuna L. 444-3 1. Pièces à fournir dans tous les cas : -justificatif d'état civil : (sauf si vous êtes déjà titulaire d'une carte de séjour) une copie intégrale d'acte de naissance comportant les mentions les plus récentes accompagnée le cas échéant de la décision judiciaire ordonnant sa t		unspecified	article	en Polynésie française et en Nouvelle-Calédonie : Le 2.2 n'est pas applicable. 67 Titre spécifique dans les îles Wallis et Futuna Carte de séjour temporaire autorisant l'exercice d'une activité professionnelle non soumise à autorisation dans les îles Wallis et Futuna L. 444-3 1. Pièces à fournir dans tous les cas : -justificatif d'état civil : (sauf si vous êtes déjà titulaire d'une carte de séjour) une copie intégrale d'acte de naissance comportant les mentions les plus récentes accompagnée le cas échéant de la décision judiciaire ordonnant sa t									legi/global/code_et_TNC_en_vigueur/code_en_vigueur/LEGI/TEXT/00/00/06/07/01/LEGITEXT000006070158/article/LEGI/ARTI/00/00/49/82/09/LEGIARTI000049820920.xml
DRAFT_CODE_DE_L_ACTION_SOCIALE_ET_DES_FAMILLES_ANNEXE_3_8_1_ARTI000043588495_1000	LEGIARTI000043588495	Code de l'action sociale et des familles	Annexe 3-8-1	VIGUEUR	2021-05-31	2999-01-01	high	high	constitue	high_noise	1	terme_colon_definition	explicit	high			L'accueillant familial doit assurer	Un accueil répondant aux caractéristiques suivantes, dans le respect des règles d'hygiène et de sécurité : 1. L'hébergement. Il consiste en la mise à disposition : -d'une chambre individuelle ou d'un logement, situé (e) sous le toit de l'accueillant familial au RDC/ au étage, dont l'accès, l'utilisation et la surface sont compatibles avec le degré de handicap et les besoins de la personne (description), d'une superficie de ... m ² (minimum 9 m ² pour une personne seule et d'un minimum de 16 m ² po		unspecified	article	L'accueillant familial doit assurer : Un accueil répondant aux caractéristiques suivantes, dans le respect des règles d'hygiène et de sécurité : 1. L'hébergement. Il consiste en la mise à disposition : -d'une chambre individuelle ou d'un logement, situé (e) sous le toit de l'accueillant familial au RDC/ au étage, dont l'accès, l'utilisation et la surface sont compatibles avec le degré de handicap et les besoins de la personne (description), d'une superficie de ... m ² (minimum 9 m ² pour une personne seule et d'un minimum de 16 m ² po									legi/global/code_et_TNC_en_vigueur/code_en_vigueur/LEGI/TEXT/00/00/06/07/40/LEGITEXT000006074069/article/LEGI/ARTI/00/00/43/58/84/LEGIARTI000043588495.xml
DRAFT_CODE_DE_L_ACTION_SOCIALE_ET_DES_FAMILLES_ANNEXE_3_8_1_ARTI000043588495_1001	LEGIARTI000043588495	Code de l'action sociale et des familles	Annexe 3-8-1	VIGUEUR	2021-05-31	2999-01-01	high	high	constitue	high_noise	1	terme_colon_definition	explicit	high			Pour information	les charges sociales patronales relatives à la rémunération journalière pour services rendus, à l'indemnité de congés et l'indemnité en cas de sujétions particulières (points 1 et 2 de l'article 6 du présent contrat) sont dues par la personne accueillie et doivent être versées à l'URSSAF. Celle-ci peut bénéficier d'une exonération partielle de ces cotisations lorsqu'elle remplit les conditions de l'article L. 241-10 du code de la sécurité sociale (6). 5. Les dépenses autres : à la charge de l'accue		unspecified	article	Pour information : les charges sociales patronales relatives à la rémunération journalière pour services rendus, à l'indemnité de congés et l'indemnité en cas de sujétions particulières (points 1 et 2 de l'article 6 du présent contrat) sont dues par la personne accueillie et doivent être versées à l'URSSAF. Celle-ci peut bénéficier d'une exonération partielle de ces cotisations lorsqu'elle remplit les conditions de l'article L. 241-10 du code de la sécurité sociale (6). 5. Les dépenses autres : à la charge de l'accue									legi/global/code_et_TNC_en_vigueur/code_en_vigueur/LEGI/TEXT/00/00/06/07/40/LEGITEXT000006074069/article/LEGI/ARTI/00/00/43/58/84/LEGIARTI000043588495.xml
DRAFT_CODE_DE_L_ACTION_SOCIALE_ET_DES_FAMILLES_ANNEXE_3_8_1_ARTI000043588495_1002	LEGIARTI000043588495	Code de l'action sociale et des familles	Annexe 3-8-1	VIGUEUR	2021-05-31	2999-01-01	high	high	constitue	high_noise	1	terme_colon_definition	explicit	high			de décès	l'accueillant familial perçoit, dans son intégralité, la rémunération journalière pour services rendus, l'indemnité de congé, le cas échéant l'indemnité en cas de sujétions particulières et l'indemnité représentative de frais d'entretien courant de la personne accueillie jusqu'au jour du décès inclus. L'indemnité représentative de mise à disposition de la ou des pièces réservées à la personne accueillie est perçue jusqu'à la date de libération de la pièce mise à disposition, qui doit être libérée		unspecified	article	de décès : l'accueillant familial perçoit, dans son intégralité, la rémunération journalière pour services rendus, l'indemnité de congé, le cas échéant l'indemnité en cas de sujétions particulières et l'indemnité représentative de frais d'entretien courant de la personne accueillie jusqu'au jour du décès inclus. L'indemnité représentative de mise à disposition de la ou des pièces réservées à la personne accueillie est perçue jusqu'à la date de libération de la pièce mise à disposition, qui doit être libérée									legi/global/code_et_TNC_en_vigueur/code_en_vigueur/LEGI/TEXT/00/00/06/07/40/LEGITEXT000006074069/article/LEGI/ARTI/00/00/43/58/84/LEGIARTI000043588495.xml
DRAFT_CODE_DE_L_ACTION_SOCIALE_ET_DES_FAMILLES_ANNEXE_3_8_1_ARTI000043588495_1003	LEGIARTI000043588495	Code de l'action sociale et des familles	Annexe 3-8-1	VIGUEUR	2021-05-31	2999-01-01	high	high	constitue	high_noise	1	terme_colon_definition	explicit	high			Si la personne accueillie reste au domicile de l'accueillant familial	La rémunération pour services rendus, l'indemnité de congé et, le cas échéant, l'indemnité en cas de sujétions particulières ne sont pas versées par la personne accueillie à l'accueillant familial mais à son remplaçant. Les sommes perçues sont soumises au régime fiscal et de cotisations sociales obligatoires des salaires. L'indemnité représentative de frais d'entretien courant de la personne accueillie et l'indemnité représentative de mise à disposition de la ou des pièces réservées à la personne		unspecified	article	Si la personne accueillie reste au domicile de l'accueillant familial : La rémunération pour services rendus, l'indemnité de congé et, le cas échéant, l'indemnité en cas de sujétions particulières ne sont pas versées par la personne accueillie à l'accueillant familial mais à son remplaçant. Les sommes perçues sont soumises au régime fiscal et de cotisations sociales obligatoires des salaires. L'indemnité représentative de frais d'entretien courant de la personne accueillie et l'indemnité représentative de mise à disposition de la ou des pièces réservées à la personne									legi/global/code_et_TNC_en_vigueur/code_en_vigueur/LEGI/TEXT/00/00/06/07/40/LEGITEXT000006074069/article/LEGI/ARTI/00/00/43/58/84/LEGIARTI000043588495.xml
DRAFT_CODE_DE_L_ACTION_SOCIALE_ET_DES_FAMILLES_ANNEXE_3_8_1_ARTI000043588495_1004	LEGIARTI000043588495	Code de l'action sociale et des familles	Annexe 3-8-1	VIGUEUR	2021-05-31	2999-01-01	high	high	constitue	high_noise	1	terme_colon_definition	explicit	high			Si la personne accueillie est hébergée chez le remplaçant	L'ensemble des frais d'accueil est versé au remplaçant dans les mêmes conditions que celles arrêtées avec l'accueillant familial. (5) Dans le cas où l'agrément est donné à un couple, le relevé des conditions financières est établi au nom d'une des deux personnes agréées. (6) Les particuliers et personnes morales qui ont passé un contrat conforme aux articles L. 442-1 et L. 444-3 du code de l'action sociale et des familles pour l'accueil par des particuliers à leur domicile, à titre onéreux, de per		unspecified	article	Si la personne accueillie est hébergée chez le remplaçant : L'ensemble des frais d'accueil est versé au remplaçant dans les mêmes conditions que celles arrêtées avec l'accueillant familial. (5) Dans le cas où l'agrément est donné à un couple, le relevé des conditions financières est établi au nom d'une des deux personnes agréées. (6) Les particuliers et personnes morales qui ont passé un contrat conforme aux articles L. 442-1 et L. 444-3 du code de l'action sociale et des familles pour l'accueil par des particuliers à leur domicile, à titre onéreux, de per									legi/global/code_et_TNC_en_vigueur/code_en_vigueur/LEGI/TEXT/00/00/06/07/40/LEGITEXT000006074069/article/LEGI/ARTI/00/00/43/58/84/LEGIARTI000043588495.xml
DRAFT_CODE_DE_L_ACTION_SOCIALE_ET_DES_FAMILLES_ANNEXE_3_8_1_ARTI000043588495_1005	LEGIARTI000043588495	Code de l'action sociale et des familles	Annexe 3-8-1	VIGUEUR	2021-05-31	2999-01-01	high	high	constitue	high_noise	1	terme_colon_definition	explicit	high			Conclu entre	L'accueillant familial : Nom-Prénom : Eventuellement nom d'épouse : Né (e) le : Domicilié (e) à : Et La personne accueillie : Nom-Prénom : Eventuellement nom d'épouse : Né (e) le : Représenté (e) par M./ Mme ... Assisté (e) par M./ Mme ... (préciser la qualité : famille, autres) Il est convenu, pour la période du (jour/ mois/ année) au (jour/ mois/ année), que : Le remplaçant : Nom-Prénom : Eventuellement nom d'épouse : Né (e) le : Domicilié (e) à : hébergé pendant la période considérée au domicil		unspecified	article	Conclu entre : L'accueillant familial : Nom-Prénom : Eventuellement nom d'épouse : Né (e) le : Domicilié (e) à : Et La personne accueillie : Nom-Prénom : Eventuellement nom d'épouse : Né (e) le : Représenté (e) par M./ Mme ... Assisté (e) par M./ Mme ... (préciser la qualité : famille, autres) Il est convenu, pour la période du (jour/ mois/ année) au (jour/ mois/ année), que : Le remplaçant : Nom-Prénom : Eventuellement nom d'épouse : Né (e) le : Domicilié (e) à : hébergé pendant la période considérée au domicil									legi/global/code_et_TNC_en_vigueur/code_en_vigueur/LEGI/TEXT/00/00/06/07/40/LEGITEXT000006074069/article/LEGI/ARTI/00/00/43/58/84/LEGIARTI000043588495.xml
DRAFT_CODE_DES_POSTES_ET_DES_COMMUNICATIONS_LECTRONIQUES_L44_ARTI000051830329_2000	LEGIARTI000051830329	Code des postes et des communications électroniques	L44	VIGUEUR	2025-07-02	2999-01-01	underrepresented_code	low	on entend par | pour l'application du présent | constitue	high_noise | strong	7	on entend par	explicit	high			utilisation de ressources de numérotation à des fins expérimentales	l'utilisation de ressources de numérotation en vue de développer une technologie ou un service innovants, du point de vue technique ou commercial, sous réserve que soit le chiffre d'affaires de l'activité nécessitant cette utilisation, soit le nombre d'utilisateurs de la technologie ou du service demeure inférieur à un seuil fixé par décret pendant toute la durée de l'expérimentation. IV. - Les opérateurs sont tenus de s'assurer que, lorsque leurs clients utilisateurs finals utilisent un numéro issu du plan de numérotation établi par l'autorité comme identifiant d'appelant pour les appels et messages qu'ils émettent, ces utilisateurs finals sont bien affectataires dudit numéro ou que l'affectataire dudit numéro a préalablement donné son accord pour cette utilisation. Les opérateurs sont te		unspecified	article	Pour l'application du présent III, on entend par utilisation de ressources de numérotation à des fins expérimentales l'utilisation de ressources de numérotation en vue de développer une technologie ou un service innovants, du point de vue technique ou commercial, sous réserve que soit le chiffre d'affaires de l'activité nécessitant cette utilisation, soit le nombre d'utilisateurs de la technologie ou du service demeure inférieur à un seuil fixé par décret pendant toute la durée de l'expérimentation. IV. - Les opérateurs sont tenus de s'assurer que, lorsque leurs clients utilisateurs finals utilisent un numéro issu du plan de numérotation établi par l'autorité comme identifiant d'appelant pour les appels et messages qu'ils émettent, ces utilisateurs finals sont bien affectataires dudit numéro ou que l'affectataire dudit numéro a préalablement donné son accord pour cette utilisation. Les opérateurs sont tenus de veiller à l'authenticité des numéros issus du plan de numérotation établi par l'autorité lorsqu									legi/global/code_et_TNC_en_vigueur/code_en_vigueur/LEGI/TEXT/00/00/06/07/09/LEGITEXT000006070987/article/LEGI/ARTI/00/00/51/83/03/LEGIARTI000051830329.xml
